pairnum,sex,zygosity,moed,faed,faminc,english,math,socsci,natsci,vocab,even
1,2,1,3,4,2,14,13,17,18,14,FALSE
1,2,1,3,4,2,11,14,15,10,12,TRUE
2,2,1,1,1,1,20,20,16,16,13,FALSE
2,2,1,1,1,1,17,19,13,13,14,TRUE
3,2,1,1,1,1,11,8,15,16,12,FALSE
3,2,1,1,1,1,16,13,13,8,15,TRUE
4,1,2,3,2,4,9,19,7,10,6,FALSE
4,1,2,3,2,4,8,16,15,17,11,TRUE
5,1,2,5,4,3,15,23,23,21,21,FALSE
5,1,2,5,4,3,15,13,13,20,19,TRUE
6,2,2,4,2,3,20,17,16,12,12,FALSE
6,2,2,4,2,3,19,18,13,18,15,TRUE
7,1,1,4,6,3,26,20,27,23,28,FALSE
7,1,1,4,6,3,25,20,29,24,30,TRUE
8,1,1,4,6,5,28,31,31,29,30,FALSE
8,1,1,4,6,5,27,28,28,27,30,TRUE
9,2,2,5,4,1,24,25,17,21,22,FALSE
9,2,2,5,4,1,27,25,22,24,23,TRUE
10,1,1,3,2,2,19,19,17,22,16,FALSE
10,1,1,3,2,2,19,22,13,14,17,TRUE
11,1,1,2,1,2,7,18,15,14,5,FALSE
11,1,1,2,1,2,16,15,17,15,7,TRUE
12,2,1,3,5,4,22,23,23,24,23,FALSE
12,2,1,3,5,4,21,24,24,24,26,TRUE
13,2,2,4,1,3,8,7,13,3,10,FALSE
13,2,2,4,1,3,16,15,13,14,15,TRUE
14,2,1,4,3,2,25,17,21,18,23,FALSE
14,2,1,4,3,2,22,13,19,15,19,TRUE
15,1,1,4,4,4,21,14,25,23,25,FALSE
15,1,1,4,4,4,18,17,17,20,20,TRUE
16,2,2,5,3,2,22,21,16,21,27,FALSE
16,2,2,5,3,2,24,20,25,18,26,TRUE
17,2,2,6,6,2,23,26,25,20,23,FALSE
17,2,2,6,6,2,18,13,24,18,22,TRUE
18,2,1,2,4,2,18,19,21,20,21,FALSE
18,2,1,2,4,2,23,20,16,18,24,TRUE
19,1,1,3,5,5,19,25,25,28,26,FALSE
19,1,1,3,5,5,23,29,24,23,27,TRUE
20,2,1,2,1,1,13,14,14,11,13,FALSE
20,2,1,2,1,1,14,12,13,13,16,TRUE
21,1,1,6,5,4,10,17,12,20,9,FALSE
21,1,1,6,5,4,15,16,21,14,10,TRUE
22,1,1,4,4,1,23,11,21,21,21,FALSE
22,1,1,4,4,1,24,23,24,21,21,TRUE
23,2,1,4,4,4,17,5,14,15,18,FALSE
23,2,1,4,4,4,20,13,13,13,18,TRUE
24,1,2,4,6,5,20,27,23,23,18,FALSE
24,1,2,4,6,5,24,28,28,31,28,TRUE
25,2,1,3,4,2,24,30,25,27,28,FALSE
25,2,1,3,4,2,27,30,25,28,29,TRUE
26,2,1,2,1,3,21,7,19,14,16,FALSE
26,2,1,2,1,3,22,14,16,18,15,TRUE
27,1,1,4,3,3,27,25,26,25,25,FALSE
27,1,1,4,3,3,22,30,25,27,26,TRUE
28,2,1,4,3,5,17,11,20,19,18,FALSE
28,2,1,4,3,5,20,18,20,19,18,TRUE
29,2,1,3,3,3,14,13,17,9,18,FALSE
29,2,1,3,3,3,14,14,19,13,18,TRUE
30,2,2,3,4,3,23,22,28,26,27,FALSE
30,2,2,3,4,3,27,26,26,27,28,TRUE
31,2,1,4,2,1,20,20,21,22,24,FALSE
31,2,1,4,2,1,24,25,21,23,30,TRUE
32,1,1,4,5,6,16,23,20,23,23,FALSE
32,1,1,4,5,6,21,27,25,26,25,TRUE
33,1,1,4,2,2,17,22,28,25,24,FALSE
33,1,1,4,2,2,17,23,26,25,22,TRUE
34,1,1,3,3,4,19,23,26,27,26,FALSE
34,1,1,3,3,4,17,33,25,25,27,TRUE
35,1,1,3,3,1,25,23,22,26,24,FALSE
35,1,1,3,3,1,26,30,29,21,24,TRUE
36,1,1,2,2,1,23,20,22,18,23,FALSE
36,1,1,2,2,1,25,25,27,25,23,TRUE
37,2,1,4,4,5,19,29,25,24,28,FALSE
37,2,1,4,4,5,27,24,26,24,25,TRUE
38,1,1,5,3,2,19,29,25,24,23,FALSE
38,1,1,5,3,2,14,25,15,22,18,TRUE
39,2,1,5,6,4,27,31,22,26,20,FALSE
39,2,1,5,6,4,25,25,26,28,23,TRUE
40,1,2,3,4,4,23,32,17,26,22,FALSE
40,1,2,3,4,4,18,11,15,14,18,TRUE
41,1,1,4,6,4,17,20,22,22,23,FALSE
41,1,1,4,6,4,14,21,17,15,21,TRUE
42,2,1,3,4,4,25,18,23,17,22,FALSE
42,2,1,3,4,4,27,23,28,26,29,TRUE
43,2,1,4,5,4,24,26,21,22,22,FALSE
43,2,1,4,5,4,26,25,26,24,24,TRUE
44,2,2,3,2,6,19,11,17,15,13,FALSE
44,2,2,3,2,6,19,24,17,18,18,TRUE
45,1,1,4,6,5,24,24,28,26,27,FALSE
45,1,1,4,6,5,21,27,29,29,26,TRUE
46,2,1,3,4,7,25,19,26,15,25,FALSE
46,2,1,3,4,7,25,20,25,25,27,TRUE
47,2,2,3,2,4,12,17,15,11,19,FALSE
47,2,2,3,2,4,19,17,18,17,19,TRUE
48,2,1,3,3,1,11,14,13,8,10,FALSE
48,2,1,3,3,1,13,20,16,13,14,TRUE
49,1,1,4,6,5,25,25,20,17,21,FALSE
49,1,1,4,6,5,22,28,21,20,18,TRUE
50,1,2,3,4,4,20,24,27,18,23,FALSE
50,1,2,3,4,4,18,17,12,17,24,TRUE
51,2,1,4,5,4,23,20,23,21,25,FALSE
51,2,1,4,5,4,23,21,26,23,25,TRUE
52,2,1,4,3,2,17,20,18,14,18,FALSE
52,2,1,4,3,2,19,18,19,21,19,TRUE
53,1,2,4,4,3,19,22,26,16,20,FALSE
53,1,2,4,4,3,24,26,19,16,21,TRUE
54,2,2,3,5,6,28,22,25,26,20,FALSE
54,2,2,3,5,6,24,27,22,27,22,TRUE
55,2,1,5,5,4,14,11,25,23,30,FALSE
55,2,1,5,5,4,20,11,26,18,32,TRUE
56,2,1,4,3,7,18,26,21,23,19,FALSE
56,2,1,4,3,7,17,23,21,26,20,TRUE
57,1,2,6,4,4,24,30,25,29,26,FALSE
57,1,2,6,4,4,25,32,29,29,31,TRUE
58,1,1,4,4,4,22,22,24,24,22,FALSE
58,1,1,4,4,4,22,26,23,23,22,TRUE
59,2,1,4,4,5,25,20,24,21,20,FALSE
59,2,1,4,4,5,25,26,29,25,23,TRUE
60,1,2,4,5,4,23,27,18,16,21,FALSE
60,1,2,4,5,4,18,21,12,10,14,TRUE
61,1,2,6,5,7,27,34,30,29,32,FALSE
61,1,2,6,5,7,28,34,31,30,31,TRUE
62,2,1,3,5,1,25,24,29,19,29,FALSE
62,2,1,3,5,1,26,24,27,28,29,TRUE
63,2,1,4,4,4,23,28,25,23,21,FALSE
63,2,1,4,4,4,26,26,24,22,24,TRUE
64,1,1,2,1,2,14,26,21,20,21,FALSE
64,1,1,2,1,2,13,20,21,12,19,TRUE
65,2,2,5,6,3,19,28,18,21,21,FALSE
65,2,2,5,6,3,26,29,25,24,24,TRUE
66,1,1,2,1,1,14,21,15,17,13,FALSE
66,1,1,2,1,1,18,20,18,16,16,TRUE
67,1,1,4,5,3,22,21,25,22,22,FALSE
67,1,1,4,5,3,21,23,22,20,28,TRUE
68,1,1,1,1,1,15,14,14,16,14,FALSE
68,1,1,1,1,1,15,14,18,17,15,TRUE
69,2,1,3,3,5,20,20,21,19,21,FALSE
69,2,1,3,3,5,21,25,20,23,23,TRUE
70,2,1,5,4,3,20,19,24,18,21,FALSE
70,2,1,5,4,3,19,11,17,21,20,TRUE
71,2,2,2,1,2,17,11,11,16,13,FALSE
71,2,2,2,1,2,14,17,15,20,18,TRUE
72,2,1,4,4,3,17,13,15,18,17,FALSE
72,2,1,4,4,3,16,12,17,18,17,TRUE
73,1,1,3,4,4,11,6,17,8,16,FALSE
73,1,1,3,4,4,15,12,17,21,17,TRUE
74,2,2,5,5,5,12,12,13,18,18,FALSE
74,2,2,5,5,5,18,13,18,18,20,TRUE
75,2,2,5,4,4,21,20,18,24,16,FALSE
75,2,2,5,4,4,20,21,14,16,17,TRUE
76,1,1,4,5,2,16,25,21,21,18,FALSE
76,1,1,4,5,2,15,18,16,21,17,TRUE
77,2,1,3,3,3,24,19,24,23,23,FALSE
77,2,1,3,3,3,23,19,26,23,27,TRUE
78,1,2,4,3,4,16,19,20,9,22,FALSE
78,1,2,4,3,4,14,21,18,19,18,TRUE
79,2,2,5,5,5,26,33,25,29,25,FALSE
79,2,2,5,5,5,27,34,29,31,25,TRUE
80,2,1,3,3,4,20,20,19,21,21,FALSE
80,2,1,3,3,4,24,20,21,21,21,TRUE
81,1,1,3,4,4,20,18,25,15,25,FALSE
81,1,1,3,4,4,13,13,16,12,22,TRUE
82,2,1,3,2,2,21,20,15,19,17,FALSE
82,2,1,3,2,2,15,28,17,23,14,TRUE
83,2,1,3,3,7,27,15,25,23,27,FALSE
83,2,1,3,3,7,23,19,27,23,28,TRUE
84,1,1,6,5,7,30,34,29,31,32,FALSE
84,1,1,6,5,7,30,34,32,33,32,TRUE
85,1,1,4,4,4,21,11,26,20,22,FALSE
85,1,1,4,4,4,24,27,26,29,23,TRUE
86,2,2,3,5,3,28,20,24,25,23,FALSE
86,2,2,3,5,3,24,25,28,25,27,TRUE
87,2,1,5,6,4,19,29,20,18,24,FALSE
87,2,1,5,6,4,22,25,24,21,24,TRUE
88,2,1,5,6,2,30,32,31,30,28,FALSE
88,2,1,5,6,2,30,27,31,28,29,TRUE
89,2,2,4,5,5,23,20,22,24,25,FALSE
89,2,2,4,5,5,21,18,17,15,18,TRUE
90,2,1,4,5,3,25,18,20,23,19,FALSE
90,2,1,4,5,3,24,23,23,20,20,TRUE
91,2,1,3,3,4,21,24,23,28,25,FALSE
91,2,1,3,3,4,22,26,28,29,28,TRUE
92,2,2,5,5,3,14,22,20,10,22,FALSE
92,2,2,5,5,3,22,17,21,14,23,TRUE
93,2,2,3,6,6,20,25,26,23,22,FALSE
93,2,2,3,6,6,21,18,19,15,18,TRUE
94,1,2,4,1,2,25,23,21,27,22,FALSE
94,1,2,4,1,2,20,12,16,21,21,TRUE
95,2,2,4,5,4,25,27,18,21,23,FALSE
95,2,2,4,5,4,24,21,26,25,26,TRUE
96,2,1,5,5,5,23,28,26,25,28,FALSE
96,2,1,5,5,5,24,31,24,26,27,TRUE
97,2,2,3,4,3,27,24,28,28,25,FALSE
97,2,2,3,4,3,30,23,31,28,31,TRUE
98,2,1,4,6,5,26,24,32,26,28,FALSE
98,2,1,4,6,5,25,29,32,22,30,TRUE
99,1,2,3,5,4,19,28,25,25,24,FALSE
99,1,2,3,5,4,25,33,28,27,23,TRUE
100,2,1,4,3,4,22,20,19,13,12,FALSE
100,2,1,4,3,4,20,22,18,20,17,TRUE
101,2,1,1,2,2,19,17,18,20,14,FALSE
101,2,1,1,2,2,17,18,19,19,16,TRUE
102,2,2,5,6,4,19,20,18,22,22,FALSE
102,2,2,5,6,4,24,23,21,24,23,TRUE
103,1,2,4,5,5,20,30,22,22,24,FALSE
103,1,2,4,5,5,24,32,23,21,27,TRUE
104,1,1,3,4,4,29,35,30,31,28,FALSE
104,1,1,3,4,4,30,30,29,28,30,TRUE
105,2,2,5,4,2,24,20,26,20,28,FALSE
105,2,2,5,4,2,17,25,16,12,19,TRUE
106,1,1,3,3,4,17,20,19,19,19,FALSE
106,1,1,3,3,4,16,22,18,18,21,TRUE
107,2,1,2,1,2,18,12,17,12,18,FALSE
107,2,1,2,1,2,17,18,20,21,20,TRUE
108,1,1,3,4,3,13,17,13,12,15,FALSE
108,1,1,3,4,3,11,19,12,21,11,TRUE
109,2,1,1,1,2,22,23,21,14,27,FALSE
109,2,1,1,1,2,24,25,23,23,30,TRUE
110,1,2,5,3,4,19,20,27,22,25,FALSE
110,1,2,5,3,4,18,17,18,18,22,TRUE
111,2,2,3,5,3,26,28,24,25,26,FALSE
111,2,2,3,5,3,28,25,25,26,28,TRUE
112,2,2,3,5,3,20,24,23,22,23,FALSE
112,2,2,3,5,3,25,25,25,20,28,TRUE
113,2,1,5,6,4,24,24,24,24,28,FALSE
113,2,1,5,6,4,22,29,27,28,25,TRUE
114,1,1,3,3,1,14,14,12,13,10,FALSE
114,1,1,3,3,1,14,14,18,15,16,TRUE
115,1,1,4,2,3,19,12,26,20,26,FALSE
115,1,1,4,2,3,21,24,28,21,27,TRUE
116,1,1,1,1,1,16,23,24,26,16,FALSE
116,1,1,1,1,1,16,20,21,25,14,TRUE
117,2,1,6,5,7,15,14,14,23,15,FALSE
117,2,1,6,5,7,16,16,17,24,17,TRUE
118,1,2,4,5,4,21,27,23,28,23,FALSE
118,1,2,4,5,4,26,33,25,30,26,TRUE
119,2,2,4,5,4,27,13,23,18,21,FALSE
119,2,2,4,5,4,20,16,20,16,25,TRUE
120,2,1,6,6,7,30,26,31,27,32,FALSE
120,2,1,6,6,7,30,25,29,20,31,TRUE
121,1,1,3,3,2,19,31,27,27,25,FALSE
121,1,1,3,3,2,22,31,26,31,25,TRUE
122,2,2,6,6,4,26,24,23,23,23,FALSE
122,2,2,6,6,4,24,27,23,25,24,TRUE
123,2,1,5,6,3,27,17,27,22,28,FALSE
123,2,1,5,6,3,28,21,22,21,30,TRUE
124,1,2,3,3,2,18,25,17,26,18,FALSE
124,1,2,3,3,2,23,27,25,27,26,TRUE
125,2,1,5,3,4,30,25,22,22,24,FALSE
125,2,1,5,3,4,30,25,23,22,25,TRUE
126,1,2,1,1,3,28,21,26,26,26,FALSE
126,1,2,1,1,3,24,24,32,27,28,TRUE
127,2,1,5,3,3,26,28,21,29,23,FALSE
127,2,1,5,3,3,26,28,28,28,29,TRUE
128,1,1,6,4,3,25,25,25,25,27,FALSE
128,1,1,6,4,3,27,29,28,27,27,TRUE
129,2,1,3,2,1,12,11,20,14,20,FALSE
129,2,1,3,2,1,16,7,24,14,24,TRUE
130,2,2,4,6,7,19,19,13,18,18,FALSE
130,2,2,4,6,7,15,20,19,21,19,TRUE
131,2,1,1,2,4,28,29,28,29,27,FALSE
131,2,1,1,2,4,31,34,30,29,30,TRUE
132,2,1,3,4,4,28,28,26,25,27,FALSE
132,2,1,3,4,4,30,29,26,25,28,TRUE
133,1,1,3,4,5,25,30,24,26,22,FALSE
133,1,1,3,4,5,23,31,25,27,24,TRUE
134,2,2,4,4,4,15,18,10,18,15,FALSE
134,2,2,4,4,4,18,18,16,9,17,TRUE
135,1,1,2,1,2,23,24,23,24,22,FALSE
135,1,1,2,1,2,22,27,27,26,23,TRUE
136,1,1,4,6,3,21,22,24,21,24,FALSE
136,1,1,4,6,3,25,30,25,22,20,TRUE
137,2,2,5,4,5,21,18,23,21,16,FALSE
137,2,2,5,4,5,25,32,21,25,22,TRUE
138,1,1,3,3,4,14,23,17,16,10,FALSE
138,1,1,3,3,4,17,22,15,13,15,TRUE
139,2,1,1,1,2,22,12,25,18,22,FALSE
139,2,1,1,1,2,20,10,21,22,22,TRUE
140,2,1,1,1,1,24,23,23,23,21,FALSE
140,2,1,1,1,1,24,27,24,25,24,TRUE
141,2,2,1,2,1,18,17,15,12,12,FALSE
141,2,2,1,2,1,20,18,16,14,14,TRUE
142,2,1,3,3,3,19,17,16,13,14,FALSE
142,2,1,3,3,3,23,16,18,15,17,TRUE
143,2,2,3,1,2,17,13,13,10,17,FALSE
143,2,2,3,1,2,21,7,16,16,18,TRUE
144,2,2,3,1,2,17,11,15,16,16,FALSE
144,2,2,3,1,2,13,17,19,19,14,TRUE
145,2,1,4,5,3,22,22,21,22,22,FALSE
145,2,1,4,5,3,20,23,24,22,24,TRUE
146,2,2,2,1,1,22,11,21,12,17,FALSE
146,2,2,2,1,1,17,17,17,17,18,TRUE
147,1,1,6,5,2,22,26,23,24,27,FALSE
147,1,1,6,5,2,11,20,21,18,21,TRUE
148,1,1,5,6,4,18,23,24,21,23,FALSE
148,1,1,5,6,4,23,30,22,24,25,TRUE
149,1,2,3,1,3,20,26,20,18,17,FALSE
149,1,2,3,1,3,19,20,16,21,18,TRUE
150,1,1,6,2,4,20,24,16,23,19,FALSE
150,1,1,6,2,4,24,25,17,26,22,TRUE
151,2,1,5,3,4,26,29,22,23,24,FALSE
151,2,1,5,3,4,19,17,21,23,22,TRUE
152,2,1,6,4,3,26,17,25,10,29,FALSE
152,2,1,6,4,3,22,22,22,15,25,TRUE
153,2,1,2,4,3,19,19,17,19,19,FALSE
153,2,1,2,4,3,17,20,18,21,19,TRUE
154,2,2,3,1,3,26,24,29,27,28,FALSE
154,2,2,3,1,3,12,4,15,17,18,TRUE
155,2,1,3,2,2,25,25,24,25,25,FALSE
155,2,1,3,2,2,25,22,21,21,25,TRUE
156,2,1,5,3,5,27,19,23,24,20,FALSE
156,2,1,5,3,5,29,32,27,27,22,TRUE
157,2,1,3,3,2,24,22,14,18,21,FALSE
157,2,1,3,3,2,22,14,16,20,23,TRUE
158,2,2,3,6,4,21,19,19,18,23,FALSE
158,2,2,3,6,4,24,19,25,24,24,TRUE
159,2,1,2,3,2,22,24,20,20,20,FALSE
159,2,1,2,3,2,24,30,24,25,24,TRUE
160,2,2,2,2,1,27,20,23,16,26,FALSE
160,2,2,2,2,1,25,20,23,21,25,TRUE
161,1,1,5,3,2,21,31,20,21,22,FALSE
161,1,1,5,3,2,17,31,19,25,18,TRUE
162,1,2,3,3,2,20,29,25,26,26,FALSE
162,1,2,3,3,2,15,14,17,16,21,TRUE
163,2,1,2,2,4,24,22,19,18,21,FALSE
163,2,1,2,2,4,22,20,18,12,21,TRUE
164,1,2,2,2,3,24,30,28,25,27,FALSE
164,1,2,2,2,3,19,20,17,20,20,TRUE
165,1,1,3,5,3,17,24,16,22,21,FALSE
165,1,1,3,5,3,21,22,19,20,22,TRUE
166,1,2,5,3,2,14,14,13,14,14,FALSE
166,1,2,5,3,2,10,19,13,6,13,TRUE
167,2,1,3,3,2,21,26,21,21,15,FALSE
167,2,1,3,3,2,21,15,18,17,17,TRUE
168,1,1,3,5,4,24,32,25,27,23,FALSE
168,1,1,3,5,4,26,34,29,26,24,TRUE
169,2,2,4,6,5,26,20,22,20,24,FALSE
169,2,2,4,6,5,28,19,22,19,25,TRUE
170,2,2,3,2,4,17,17,26,23,24,FALSE
170,2,2,3,2,4,13,18,18,22,19,TRUE
171,1,1,3,3,2,9,17,16,21,16,FALSE
171,1,1,3,3,2,12,17,13,6,12,TRUE
172,1,2,3,3,3,24,28,25,26,24,FALSE
172,1,2,3,3,3,21,25,25,20,22,TRUE
173,1,2,3,3,3,19,28,20,18,20,FALSE
173,1,2,3,3,3,17,25,19,17,12,TRUE
174,2,1,4,4,3,22,28,28,21,25,FALSE
174,2,1,4,4,3,21,30,28,29,19,TRUE
175,2,1,3,3,2,24,23,24,26,20,FALSE
175,2,1,3,3,2,22,21,21,19,22,TRUE
176,1,1,4,6,1,27,34,26,26,28,FALSE
176,1,1,4,6,1,27,24,21,25,23,TRUE
177,1,1,3,1,2,16,18,7,17,15,FALSE
177,1,1,3,1,2,11,17,14,12,14,TRUE
178,2,1,4,6,3,20,20,18,21,19,FALSE
178,2,1,4,6,3,17,19,15,16,19,TRUE
179,2,1,3,2,3,21,16,12,11,18,FALSE
179,2,1,3,2,3,21,14,18,15,17,TRUE
180,1,1,4,5,4,19,22,24,24,30,FALSE
180,1,1,4,5,4,22,32,27,29,30,TRUE
181,2,1,2,3,3,22,28,22,25,24,FALSE
181,2,1,2,3,3,23,28,25,27,24,TRUE
182,2,1,4,5,4,13,12,14,20,14,FALSE
182,2,1,4,5,4,14,10,19,14,16,TRUE
183,1,1,4,3,2,11,12,13,16,17,FALSE
183,1,1,4,3,2,10,11,15,13,14,TRUE
184,2,1,4,3,3,18,15,20,22,19,FALSE
184,2,1,4,3,3,19,15,21,20,14,TRUE
185,1,2,3,3,4,11,11,15,9,15,FALSE
185,1,2,3,3,4,21,19,19,14,18,TRUE
186,2,1,3,5,4,23,15,21,12,27,FALSE
186,2,1,3,5,4,21,15,21,13,24,TRUE
187,2,2,4,1,2,24,24,20,24,24,FALSE
187,2,2,4,1,2,22,24,22,23,22,TRUE
188,2,1,5,5,4,21,16,21,16,19,FALSE
188,2,1,5,5,4,16,14,19,18,19,TRUE
189,2,2,3,3,3,27,28,27,27,30,FALSE
189,2,2,3,3,3,21,21,24,19,25,TRUE
190,1,2,3,4,3,20,25,21,23,22,FALSE
190,1,2,3,4,3,17,19,20,17,22,TRUE
191,1,1,1,2,2,19,28,24,20,24,FALSE
191,1,1,1,2,2,16,23,22,18,21,TRUE
192,2,2,3,3,1,23,13,23,19,23,FALSE
192,2,2,3,3,1,20,7,19,12,21,TRUE
193,2,2,3,4,3,30,21,25,25,29,FALSE
193,2,2,3,4,3,24,19,23,23,29,TRUE
194,1,1,4,5,5,23,34,29,29,29,FALSE
194,1,1,4,5,5,24,32,29,28,30,TRUE
195,1,1,4,4,6,20,13,25,12,25,FALSE
195,1,1,4,4,6,9,16,19,10,21,TRUE
196,1,2,3,6,4,23,29,26,29,29,FALSE
196,1,2,3,6,4,27,32,24,27,24,TRUE
197,2,1,5,6,6,18,18,23,20,23,FALSE
197,2,1,5,6,6,21,22,23,19,23,TRUE
198,1,1,3,4,4,18,14,17,20,18,FALSE
198,1,1,3,4,4,15,19,20,15,18,TRUE
199,2,1,3,3,2,17,12,19,18,15,FALSE
199,2,1,3,3,2,21,12,18,14,18,TRUE
200,2,2,5,5,4,19,14,17,15,19,FALSE
200,2,2,5,5,4,19,16,23,8,24,TRUE
201,2,2,5,5,5,24,11,18,13,19,FALSE
201,2,2,5,5,5,25,20,14,17,18,TRUE
202,1,2,5,6,6,23,26,20,19,24,FALSE
202,1,2,5,6,6,26,33,28,27,26,TRUE
203,2,1,2,2,3,20,26,26,18,25,FALSE
203,2,1,2,2,3,21,28,26,24,26,TRUE
204,2,1,3,3,3,19,26,27,21,26,FALSE
204,2,1,3,3,3,22,23,30,18,28,TRUE
205,2,2,2,3,2,22,29,20,18,19,FALSE
205,2,2,2,3,2,22,19,19,15,18,TRUE
206,2,1,4,3,4,7,4,9,8,14,FALSE
206,2,1,4,3,4,17,12,10,12,17,TRUE
207,2,2,3,4,7,19,20,13,17,18,FALSE
207,2,2,3,4,7,15,23,17,18,21,TRUE
208,2,1,4,6,6,26,31,20,16,21,FALSE
208,2,1,4,6,6,22,30,23,25,22,TRUE
209,2,2,5,5,4,19,26,19,23,17,FALSE
209,2,2,5,5,4,15,21,16,21,14,TRUE
210,2,1,6,6,7,16,10,22,11,19,FALSE
210,2,1,6,6,7,14,14,20,14,22,TRUE
211,1,2,4,2,1,25,28,23,28,22,FALSE
211,1,2,4,2,1,25,28,28,29,22,TRUE
212,2,1,5,6,4,26,22,26,26,27,FALSE
212,2,1,5,6,4,23,26,24,25,29,TRUE
213,2,1,4,4,2,25,28,23,27,23,FALSE
213,2,1,4,4,2,27,32,23,23,22,TRUE
214,2,2,2,4,2,16,5,21,13,17,FALSE
214,2,2,2,4,2,17,13,18,14,18,TRUE
215,2,1,4,3,7,17,18,16,21,16,FALSE
215,2,1,4,3,7,17,14,20,23,19,TRUE
216,1,1,3,4,3,14,21,15,23,17,FALSE
216,1,1,3,4,3,19,22,19,21,16,TRUE
217,2,1,4,6,6,20,25,15,23,20,FALSE
217,2,1,4,6,6,20,25,17,26,25,TRUE
218,2,2,3,6,2,25,31,26,28,23,FALSE
218,2,2,3,6,2,27,33,24,29,24,TRUE
219,1,1,3,1,3,20,27,18,21,19,FALSE
219,1,1,3,1,3,21,28,16,23,21,TRUE
220,1,2,3,3,3,25,22,18,23,22,FALSE
220,1,2,3,3,3,23,25,26,23,22,TRUE
221,2,2,4,6,3,13,14,16,11,19,FALSE
221,2,2,4,6,3,17,12,18,15,16,TRUE
222,2,1,4,4,5,21,22,21,17,22,FALSE
222,2,1,4,4,5,27,22,17,15,24,TRUE
223,2,1,4,6,3,21,23,22,23,23,FALSE
223,2,1,4,6,3,25,21,23,25,20,TRUE
224,1,2,4,3,2,23,20,21,24,20,FALSE
224,1,2,4,3,2,26,25,22,21,24,TRUE
225,2,1,2,1,2,12,20,15,17,12,FALSE
225,2,1,2,1,2,15,18,14,17,13,TRUE
226,1,2,2,3,2,26,33,24,28,24,FALSE
226,1,2,2,3,2,24,30,31,26,27,TRUE
227,1,1,4,3,2,20,29,23,29,24,FALSE
227,1,1,4,3,2,21,30,26,25,25,TRUE
228,2,2,3,3,3,22,10,23,17,20,FALSE
228,2,2,3,3,3,21,17,18,20,19,TRUE
229,1,1,4,4,3,17,27,19,21,16,FALSE
229,1,1,4,4,3,19,23,22,23,19,TRUE
230,2,2,4,3,2,18,14,15,12,14,FALSE
230,2,2,4,3,2,17,20,19,21,14,TRUE
231,1,1,3,1,2,10,20,24,22,19,FALSE
231,1,1,3,1,2,18,17,19,22,20,TRUE
232,1,1,4,1,3,16,18,14,11,22,FALSE
232,1,1,4,1,3,13,14,22,17,24,TRUE
233,2,1,1,4,3,22,21,22,24,24,FALSE
233,2,1,1,4,3,25,16,25,26,27,TRUE
234,1,2,4,1,1,19,32,16,24,13,FALSE
234,1,2,4,1,1,21,33,27,28,25,TRUE
235,2,1,4,2,1,16,20,23,23,21,FALSE
235,2,1,4,2,1,20,16,19,15,21,TRUE
236,1,2,3,3,3,6,8,11,11,15,FALSE
236,1,2,3,3,3,5,11,13,4,12,TRUE
237,2,2,3,3,2,16,16,17,14,17,FALSE
237,2,2,3,3,2,20,20,19,14,20,TRUE
238,2,2,3,2,2,18,13,19,11,21,FALSE
238,2,2,3,2,2,18,17,15,23,19,TRUE
239,2,1,3,3,3,19,11,19,12,14,FALSE
239,2,1,3,3,3,18,20,21,16,14,TRUE
240,1,2,2,3,2,20,22,22,25,21,FALSE
240,1,2,2,3,2,17,20,21,21,16,TRUE
241,1,2,5,3,3,22,26,20,21,16,FALSE
241,1,2,5,3,3,25,25,21,23,18,TRUE
242,1,1,5,5,3,23,34,32,30,29,FALSE
242,1,1,5,5,3,27,34,32,30,29,TRUE
243,1,2,1,1,2,22,28,21,26,22,FALSE
243,1,2,1,1,2,17,20,11,14,19,TRUE
244,1,1,4,5,5,25,32,29,29,24,FALSE
244,1,1,4,5,5,27,32,30,27,30,TRUE
245,1,1,4,5,4,15,23,25,19,28,FALSE
245,1,1,4,5,4,18,29,21,24,24,TRUE
246,2,2,5,3,2,20,20,20,26,18,FALSE
246,2,2,5,3,2,19,20,15,24,19,TRUE
247,2,2,6,2,4,14,14,16,11,16,FALSE
247,2,2,6,2,4,14,20,17,18,19,TRUE
248,2,1,3,6,3,21,25,20,23,24,FALSE
248,2,1,3,6,3,23,32,24,27,23,TRUE
249,2,2,3,1,3,23,20,21,18,21,FALSE
249,2,2,3,1,3,13,10,16,18,17,TRUE
250,2,2,3,3,2,19,18,20,21,20,FALSE
250,2,2,3,3,2,20,25,20,20,22,TRUE
251,2,2,4,4,4,17,26,22,23,21,FALSE
251,2,2,4,4,4,6,16,13,15,14,TRUE
252,1,1,5,6,6,20,30,22,25,20,FALSE
252,1,1,5,6,6,21,29,24,25,21,TRUE
253,1,1,3,4,4,20,24,23,23,18,FALSE
253,1,1,3,4,4,23,24,23,26,18,TRUE
254,2,2,5,4,3,16,26,13,19,17,FALSE
254,2,2,5,4,3,22,24,14,20,17,TRUE
255,2,1,3,3,3,16,18,16,15,10,FALSE
255,2,1,3,3,3,16,21,17,12,15,TRUE
256,2,1,3,4,2,25,17,20,25,24,FALSE
256,2,1,3,4,2,22,23,22,25,21,TRUE
257,1,1,3,2,2,15,11,12,9,14,FALSE
257,1,1,3,2,2,16,16,17,18,12,TRUE
258,1,1,3,1,1,20,20,21,21,22,FALSE
258,1,1,3,1,1,21,21,18,25,20,TRUE
259,2,2,4,6,4,18,18,16,19,16,FALSE
259,2,2,4,6,4,19,25,15,22,16,TRUE
260,1,1,2,3,4,15,29,20,17,20,FALSE
260,1,1,2,3,4,16,32,25,24,22,TRUE
261,2,2,3,2,5,15,11,15,3,14,FALSE
261,2,2,3,2,5,18,18,13,18,14,TRUE
262,1,1,1,2,1,23,22,17,17,23,FALSE
262,1,1,1,2,1,17,18,19,20,20,TRUE
263,2,2,1,3,4,17,8,15,13,18,FALSE
263,2,2,1,3,4,19,13,15,12,17,TRUE
264,1,2,4,5,2,9,8,18,13,10,FALSE
264,1,2,4,5,2,16,19,20,11,15,TRUE
265,2,2,1,1,2,25,14,26,17,25,FALSE
265,2,2,1,1,2,20,10,19,12,22,TRUE
266,1,1,2,2,1,17,17,19,25,22,FALSE
266,1,1,2,2,1,12,6,18,21,19,TRUE
267,2,2,5,6,6,22,29,22,24,20,FALSE
267,2,2,5,6,6,26,33,26,28,24,TRUE
268,2,1,4,6,7,19,20,22,14,23,FALSE
268,2,1,4,6,7,19,21,24,20,21,TRUE
269,2,2,3,3,3,13,18,13,12,18,FALSE
269,2,2,3,3,3,24,14,18,17,20,TRUE
270,1,2,3,4,1,18,17,20,18,14,FALSE
270,1,2,3,4,1,19,20,22,20,20,TRUE
271,1,1,1,1,2,22,17,23,12,25,FALSE
271,1,1,1,1,2,15,13,20,19,24,TRUE
272,1,1,2,2,2,23,24,21,24,18,FALSE
272,1,1,2,2,2,18,28,25,25,21,TRUE
273,2,1,6,6,5,7,11,15,4,21,FALSE
273,2,1,6,6,5,11,8,16,10,18,TRUE
274,2,1,5,4,2,14,16,13,10,15,FALSE
274,2,1,5,4,2,21,20,16,8,17,TRUE
275,2,2,3,5,4,21,18,21,17,22,FALSE
275,2,2,3,5,4,23,21,23,23,22,TRUE
276,1,1,5,3,4,13,22,16,14,17,FALSE
276,1,1,5,3,4,11,24,20,21,21,TRUE
277,1,2,6,6,4,24,20,20,25,23,FALSE
277,1,2,6,6,4,25,31,25,27,26,TRUE
278,1,2,3,3,2,22,25,19,19,21,FALSE
278,1,2,3,3,2,19,24,22,24,20,TRUE
279,2,1,4,6,7,19,20,15,4,22,FALSE
279,2,1,4,6,7,21,19,16,9,23,TRUE
280,1,1,4,3,2,17,14,23,23,22,FALSE
280,1,1,4,3,2,20,18,21,20,24,TRUE
281,1,2,3,3,3,20,24,28,24,27,FALSE
281,1,2,3,3,3,25,29,28,26,27,TRUE
282,1,2,4,4,4,18,21,20,16,18,FALSE
282,1,2,4,4,4,19,19,18,19,20,TRUE
283,2,1,4,4,4,21,14,24,16,25,FALSE
283,2,1,4,4,4,20,20,25,15,23,TRUE
284,2,2,5,6,4,19,20,16,23,26,FALSE
284,2,2,5,6,4,22,22,21,19,24,TRUE
285,2,2,2,3,3,19,20,21,19,19,FALSE
285,2,2,2,3,3,17,16,19,18,16,TRUE
286,1,2,2,3,2,19,20,19,21,20,FALSE
286,1,2,2,3,2,23,21,17,21,20,TRUE
287,2,1,3,5,6,22,21,20,23,23,FALSE
287,2,1,3,5,6,20,15,18,19,21,TRUE
288,2,2,3,3,2,16,11,13,17,18,FALSE
288,2,2,3,3,2,17,14,20,26,18,TRUE
289,1,2,5,5,5,23,33,32,30,32,FALSE
289,1,2,5,5,5,22,26,27,21,30,TRUE
290,1,1,4,4,4,15,18,22,23,23,FALSE
290,1,1,4,4,4,19,18,18,21,19,TRUE
291,2,1,3,3,3,21,20,18,23,22,FALSE
291,2,1,3,3,3,22,22,22,17,25,TRUE
292,1,2,3,4,5,20,24,17,20,18,FALSE
292,1,2,3,4,5,13,27,11,21,17,TRUE
293,2,2,4,5,5,23,23,25,19,28,FALSE
293,2,2,4,5,5,18,15,23,15,23,TRUE
294,2,1,2,3,3,19,20,18,18,18,FALSE
294,2,1,2,3,3,21,13,20,23,17,TRUE
295,1,2,3,1,1,18,23,17,23,19,FALSE
295,1,2,3,1,1,17,21,25,21,19,TRUE
296,1,1,4,4,2,11,26,20,21,18,FALSE
296,1,1,4,4,2,15,18,26,19,19,TRUE
297,2,2,1,1,1,19,24,19,11,21,FALSE
297,2,2,1,1,1,17,18,20,20,19,TRUE
298,2,2,5,6,7,26,25,28,29,31,FALSE
298,2,2,5,6,7,28,31,30,31,32,TRUE
299,2,1,3,5,7,24,21,27,22,27,FALSE
299,2,1,3,5,7,26,25,27,19,27,TRUE
300,2,1,1,3,5,18,10,16,10,18,FALSE
300,2,1,1,3,5,22,20,21,15,18,TRUE
301,1,1,3,3,2,18,33,17,9,15,FALSE
301,1,1,3,3,2,18,32,18,20,21,TRUE
302,2,1,3,3,4,18,19,17,11,19,FALSE
302,2,1,3,3,4,22,22,17,14,20,TRUE
303,1,2,4,1,2,24,29,21,24,21,FALSE
303,1,2,4,1,2,16,26,23,15,23,TRUE
304,1,2,3,4,3,18,17,22,19,22,FALSE
304,1,2,3,4,3,14,20,20,21,18,TRUE
305,2,2,3,4,4,27,35,29,29,24,FALSE
305,2,2,3,4,4,17,29,19,21,20,TRUE
306,2,2,1,3,1,18,12,18,21,18,FALSE
306,2,2,1,3,1,18,20,17,21,18,TRUE
307,2,1,3,5,3,14,10,14,8,16,FALSE
307,2,1,3,5,3,13,12,16,12,17,TRUE
308,2,2,1,2,3,23,25,17,24,25,FALSE
308,2,2,1,2,3,21,25,25,24,27,TRUE
309,2,1,4,5,5,25,23,26,25,24,FALSE
309,2,1,4,5,5,26,26,24,23,24,TRUE
310,2,1,2,2,1,14,16,20,15,25,FALSE
310,2,1,2,2,1,14,20,24,12,24,TRUE
311,2,2,6,6,4,26,32,23,22,26,FALSE
311,2,2,6,6,4,22,29,25,28,31,TRUE
312,2,1,4,3,2,28,26,28,21,29,FALSE
312,2,1,4,3,2,25,29,26,26,26,TRUE
313,2,1,2,4,1,15,13,19,10,18,FALSE
313,2,1,2,4,1,18,16,17,13,18,TRUE
314,1,2,5,6,5,24,29,31,27,30,FALSE
314,1,2,5,6,5,23,25,25,9,23,TRUE
315,2,1,2,6,2,18,21,21,13,21,FALSE
315,2,1,2,6,2,19,20,18,11,19,TRUE
316,1,2,5,4,3,24,25,24,19,22,FALSE
316,1,2,5,4,3,24,28,21,24,27,TRUE
317,2,2,1,3,2,16,22,17,9,17,FALSE
317,2,2,1,3,2,21,16,13,15,16,TRUE
318,2,1,3,3,1,17,18,18,9,13,FALSE
318,2,1,3,3,1,19,11,18,17,14,TRUE
319,1,1,3,1,2,14,24,15,12,14,FALSE
319,1,1,3,1,2,16,19,20,23,11,TRUE
320,2,2,4,3,1,23,14,20,21,26,FALSE
320,2,2,4,3,1,19,22,16,19,20,TRUE
321,2,1,2,2,1,12,17,15,3,15,FALSE
321,2,1,2,2,1,13,16,11,13,15,TRUE
322,1,1,3,5,5,17,20,18,18,18,FALSE
322,1,1,3,5,5,11,19,16,15,18,TRUE
323,1,2,3,4,5,21,20,18,23,20,FALSE
323,1,2,3,4,5,21,19,20,24,22,TRUE
324,2,1,3,3,4,26,26,25,23,28,FALSE
324,2,1,3,3,4,24,28,29,26,29,TRUE
325,2,1,3,3,1,9,12,13,12,15,FALSE
325,2,1,3,3,1,7,13,13,18,13,TRUE
326,1,1,5,5,4,23,19,26,20,29,FALSE
326,1,1,5,5,4,18,20,17,22,23,TRUE
327,2,1,2,3,3,19,26,21,20,20,FALSE
327,2,1,2,3,3,19,20,21,17,20,TRUE
328,1,1,3,3,3,15,31,22,26,18,FALSE
328,1,1,3,3,3,17,23,27,27,20,TRUE
329,2,1,5,5,5,12,17,14,13,14,FALSE
329,2,1,5,5,5,14,19,15,16,17,TRUE
330,2,1,6,4,3,18,10,22,24,22,FALSE
330,2,1,6,4,3,24,11,20,22,28,TRUE
331,1,2,4,4,3,24,30,26,26,24,FALSE
331,1,2,4,4,3,23,32,28,25,24,TRUE
332,1,2,3,3,4,21,28,19,27,20,FALSE
332,1,2,3,3,4,15,13,17,15,18,TRUE
333,2,2,6,3,4,10,8,5,10,8,FALSE
333,2,2,6,3,4,18,23,17,12,15,TRUE
334,2,2,1,1,2,22,25,21,18,26,FALSE
334,2,2,1,1,2,17,21,20,18,19,TRUE
335,2,1,4,4,3,16,10,16,11,22,FALSE
335,2,1,4,4,3,13,10,18,13,19,TRUE
336,1,2,4,3,4,17,19,26,23,25,FALSE
336,1,2,4,3,4,11,21,25,24,23,TRUE
337,2,2,3,3,1,9,6,13,9,14,FALSE
337,2,2,3,3,1,14,6,14,18,14,TRUE
338,1,1,3,4,3,13,21,24,22,18,FALSE
338,1,1,3,4,3,16,27,24,20,18,TRUE
339,1,1,5,6,5,27,35,30,32,28,FALSE
339,1,1,5,6,5,30,35,32,33,28,TRUE
340,2,1,2,3,5,13,21,18,15,20,FALSE
340,2,1,2,3,5,11,20,16,15,16,TRUE
341,1,2,1,2,1,13,8,16,14,10,FALSE
341,1,2,1,2,1,18,13,13,11,16,TRUE
342,2,2,4,3,3,22,22,27,26,24,FALSE
342,2,2,4,3,3,24,20,21,22,24,TRUE
343,2,1,4,6,5,25,28,25,28,27,FALSE
343,2,1,4,6,5,27,27,28,28,28,TRUE
344,1,2,4,6,4,15,14,16,18,20,FALSE
344,1,2,4,6,4,15,20,21,17,22,TRUE
345,2,2,5,4,1,19,30,24,17,20,FALSE
345,2,2,5,4,1,14,15,18,15,19,TRUE
346,2,1,4,4,4,20,15,20,16,20,FALSE
346,2,1,4,4,4,19,18,23,22,21,TRUE
347,2,2,2,1,1,28,18,25,25,25,FALSE
347,2,2,2,1,1,17,22,19,20,15,TRUE
348,2,2,3,5,4,22,26,21,26,24,FALSE
348,2,2,3,5,4,20,22,25,14,20,TRUE
349,2,1,4,4,5,23,14,17,9,23,FALSE
349,2,1,4,4,5,26,22,20,17,26,TRUE
350,1,1,3,3,2,7,14,13,15,14,FALSE
350,1,1,3,3,2,14,17,19,9,14,TRUE
351,2,1,6,3,2,14,22,16,21,15,FALSE
351,2,1,6,3,2,14,20,17,10,16,TRUE
352,2,2,3,6,2,17,14,10,17,16,FALSE
352,2,2,3,6,2,15,18,20,18,14,TRUE
353,1,1,3,2,5,21,31,22,23,19,FALSE
353,1,1,3,2,5,24,33,27,28,24,TRUE
354,1,1,1,1,1,18,21,19,18,19,FALSE
354,1,1,1,1,1,19,25,23,24,21,TRUE
355,1,1,2,3,2,15,21,26,23,20,FALSE
355,1,1,2,3,2,23,31,26,25,22,TRUE
356,1,1,4,4,3,21,32,27,28,22,FALSE
356,1,1,4,4,3,25,29,30,25,22,TRUE
357,2,2,3,5,7,18,24,19,18,23,FALSE
357,2,2,3,5,7,22,20,23,24,27,TRUE
358,2,1,3,1,1,22,8,17,15,18,FALSE
358,2,1,3,1,1,22,14,16,17,17,TRUE
359,2,2,3,4,4,22,22,25,23,30,FALSE
359,2,2,3,4,4,27,28,23,26,24,TRUE
360,1,1,3,4,2,12,14,13,14,19,FALSE
360,1,1,3,4,2,15,15,15,10,21,TRUE
361,2,2,3,4,2,18,24,17,17,16,FALSE
361,2,2,3,4,2,20,25,21,21,19,TRUE
362,1,1,3,3,3,16,22,17,3,17,FALSE
362,1,1,3,3,3,19,18,17,13,17,TRUE
363,2,1,2,1,1,24,19,21,25,26,FALSE
363,2,1,2,1,1,21,24,23,27,24,TRUE
364,2,1,3,1,7,21,14,16,14,18,FALSE
364,2,1,3,1,7,20,17,17,15,15,TRUE
365,2,1,2,4,1,21,19,19,25,21,FALSE
365,2,1,2,4,1,25,23,19,21,20,TRUE
366,1,1,6,2,1,10,16,13,12,14,FALSE
366,1,1,6,2,1,14,10,17,16,16,TRUE
367,2,1,2,2,3,13,11,15,16,10,FALSE
367,2,1,2,2,3,13,13,14,16,14,TRUE
368,1,2,3,3,3,17,20,13,17,16,FALSE
368,1,2,3,3,3,21,17,19,21,18,TRUE
369,2,1,3,3,5,19,15,15,17,19,FALSE
369,2,1,3,3,5,20,17,15,17,18,TRUE
370,2,1,4,3,1,20,11,18,18,21,FALSE
370,2,1,4,3,1,19,14,22,17,21,TRUE
371,2,1,5,5,4,13,11,15,14,16,FALSE
371,2,1,5,5,4,14,16,16,14,20,TRUE
372,1,1,3,5,3,13,12,16,14,14,FALSE
372,1,1,3,5,3,19,17,18,20,19,TRUE
373,1,2,5,4,4,21,21,24,27,29,FALSE
373,1,2,5,4,4,22,31,25,26,23,TRUE
374,2,1,3,3,2,20,16,16,13,16,FALSE
374,2,1,3,3,2,20,13,19,18,14,TRUE
375,2,1,5,6,4,26,26,27,29,32,FALSE
375,2,1,5,6,4,26,32,29,29,32,TRUE
376,1,1,3,3,4,17,25,25,29,21,FALSE
376,1,1,3,3,4,22,20,26,29,22,TRUE
377,2,2,3,3,4,17,26,20,22,21,FALSE
377,2,2,3,3,4,15,12,17,14,15,TRUE
378,2,2,2,1,1,13,11,18,9,16,FALSE
378,2,2,2,1,1,11,17,15,14,16,TRUE
379,1,2,3,4,3,18,29,17,29,17,FALSE
379,1,2,3,4,3,18,29,26,22,23,TRUE
380,1,1,3,6,4,26,34,27,30,30,FALSE
380,1,1,3,6,4,28,33,27,28,32,TRUE
381,1,1,2,1,2,18,16,23,20,24,FALSE
381,1,1,2,1,2,13,17,18,9,20,TRUE
382,2,1,4,3,2,23,20,20,24,20,FALSE
382,2,1,4,3,2,17,16,23,14,21,TRUE
383,2,2,4,3,7,11,19,14,16,16,FALSE
383,2,2,4,3,7,17,18,18,21,14,TRUE
384,2,2,4,4,1,21,12,26,26,26,FALSE
384,2,2,4,4,1,24,14,26,25,26,TRUE
385,2,2,5,4,4,22,21,23,21,18,FALSE
385,2,2,5,4,4,25,25,24,21,19,TRUE
386,1,1,4,5,2,23,19,24,20,23,FALSE
386,1,1,4,5,2,21,27,22,22,23,TRUE
387,2,2,4,1,2,19,21,18,25,21,FALSE
387,2,2,4,1,2,25,28,23,24,22,TRUE
388,1,2,3,4,2,23,31,24,29,22,FALSE
388,1,2,3,4,2,28,32,28,27,29,TRUE
389,1,1,3,4,3,21,24,24,25,22,FALSE
389,1,1,3,4,3,24,28,26,27,25,TRUE
390,1,1,4,3,3,19,20,17,23,19,FALSE
390,1,1,4,3,3,22,18,23,24,18,TRUE
391,1,1,3,2,2,16,17,10,18,13,FALSE
391,1,1,3,2,2,20,17,18,21,16,TRUE
392,1,2,3,3,2,17,17,25,24,23,FALSE
392,1,2,3,3,2,12,16,18,23,22,TRUE
393,2,2,1,3,2,14,23,15,17,17,FALSE
393,2,2,1,3,2,20,24,19,11,19,TRUE
394,2,2,2,2,1,10,10,8,12,16,FALSE
394,2,2,2,2,1,14,11,9,7,15,TRUE
395,2,1,1,2,1,18,16,13,7,16,FALSE
395,2,1,1,2,1,17,21,13,12,16,TRUE
396,2,1,4,5,4,24,23,19,14,23,FALSE
396,2,1,4,5,4,21,23,20,22,22,TRUE
397,2,1,3,5,3,26,17,20,12,23,FALSE
397,2,1,3,5,3,24,25,15,17,20,TRUE
398,2,1,3,2,2,26,19,19,20,22,FALSE
398,2,1,3,2,2,26,21,21,25,22,TRUE
399,2,2,3,6,4,26,19,20,23,22,FALSE
399,2,2,3,6,4,29,25,26,26,28,TRUE
400,2,1,2,4,2,16,19,19,18,19,FALSE
400,2,1,2,4,2,15,22,20,23,18,TRUE
401,1,1,3,2,3,13,10,11,10,11,FALSE
401,1,1,3,2,3,22,18,15,23,22,TRUE
402,2,1,3,3,3,14,6,15,10,14,FALSE
402,2,1,3,3,3,19,12,12,16,17,TRUE
403,1,2,3,1,2,12,27,22,21,19,FALSE
403,1,2,3,1,2,12,17,18,20,18,TRUE
404,1,1,5,6,3,29,34,26,29,30,FALSE
404,1,1,5,6,3,30,35,30,28,30,TRUE
405,1,1,3,3,4,9,15,15,13,12,FALSE
405,1,1,3,3,4,12,13,16,10,16,TRUE
406,1,1,2,2,2,16,18,15,11,19,FALSE
406,1,1,2,2,2,13,17,16,19,19,TRUE
407,2,2,4,4,2,15,24,22,24,25,FALSE
407,2,2,4,4,2,14,15,22,14,20,TRUE
408,2,2,3,4,5,22,17,26,23,29,FALSE
408,2,2,3,4,5,26,24,30,28,31,TRUE
409,2,2,2,1,3,19,24,25,22,26,FALSE
409,2,2,2,1,3,23,25,23,23,24,TRUE
410,1,1,5,6,6,22,34,28,24,29,FALSE
410,1,1,5,6,6,25,32,27,31,29,TRUE
411,2,2,5,5,5,20,31,19,25,24,FALSE
411,2,2,5,5,5,22,33,27,24,30,TRUE
412,2,1,5,5,6,28,26,26,25,26,FALSE
412,2,1,5,5,6,30,32,25,26,29,TRUE
413,1,1,3,3,1,13,28,21,14,17,FALSE
413,1,1,3,3,1,14,14,18,17,17,TRUE
414,2,2,3,2,3,17,19,23,22,24,FALSE
414,2,2,3,2,3,20,20,28,17,27,TRUE
415,2,1,2,2,2,21,18,22,15,25,FALSE
415,2,1,2,2,2,19,10,20,18,23,TRUE
416,1,1,3,4,3,20,23,18,22,18,FALSE
416,1,1,3,4,3,19,24,18,23,19,TRUE
417,2,1,3,2,4,27,30,26,31,30,FALSE
417,2,1,3,2,4,25,30,28,31,31,TRUE
418,2,1,1,1,3,18,18,20,16,25,FALSE
418,2,1,1,1,3,21,17,24,17,24,TRUE
419,2,2,2,3,4,14,12,17,13,15,FALSE
419,2,2,2,3,4,17,11,18,14,17,TRUE
420,2,1,4,4,3,25,19,30,25,25,FALSE
420,2,1,4,4,3,25,22,25,26,24,TRUE
421,2,1,5,6,7,21,18,21,12,20,FALSE
421,2,1,5,6,7,19,19,15,16,20,TRUE
422,2,2,4,2,3,21,24,17,20,22,FALSE
422,2,2,4,2,3,28,31,19,22,24,TRUE
423,2,1,3,2,2,15,12,20,21,20,FALSE
423,2,1,3,2,2,11,19,21,10,19,TRUE
424,2,2,3,4,7,20,28,21,23,22,FALSE
424,2,2,3,4,7,20,26,20,26,22,TRUE
425,1,2,1,1,2,24,29,19,20,27,FALSE
425,1,2,1,1,2,20,26,21,16,22,TRUE
426,1,2,2,2,2,21,20,19,16,19,FALSE
426,1,2,2,2,2,16,13,18,14,21,TRUE
427,2,1,4,4,4,21,17,22,20,29,FALSE
427,2,1,4,4,4,23,8,24,10,28,TRUE
428,1,1,2,2,1,20,20,30,15,29,FALSE
428,1,1,2,2,1,23,25,21,14,27,TRUE
429,1,2,3,4,4,25,31,25,25,21,FALSE
429,1,2,3,4,4,18,23,15,9,17,TRUE
430,1,2,2,2,2,20,22,24,23,26,FALSE
430,1,2,2,2,2,17,30,27,26,25,TRUE
431,1,2,5,3,2,27,30,31,27,27,FALSE
431,1,2,5,3,2,27,31,30,25,31,TRUE
432,1,1,3,6,4,18,20,17,14,21,FALSE
432,1,1,3,6,4,15,24,17,15,21,TRUE
433,2,2,3,2,3,24,25,22,21,27,FALSE
433,2,2,3,2,3,26,28,28,25,24,TRUE
434,2,1,2,4,2,20,22,28,10,29,FALSE
434,2,1,2,4,2,21,25,26,22,29,TRUE
435,1,2,5,3,2,22,27,26,26,25,FALSE
435,1,2,5,3,2,23,26,26,24,27,TRUE
436,2,1,3,3,1,20,13,20,19,17,FALSE
436,2,1,3,3,1,19,24,23,21,21,TRUE
437,2,2,6,6,3,27,24,26,25,28,FALSE
437,2,2,6,6,3,29,26,24,21,28,TRUE
438,2,1,3,4,2,24,18,25,15,24,FALSE
438,2,1,3,4,2,24,24,22,25,27,TRUE
439,1,2,3,4,3,16,23,27,24,24,FALSE
439,1,2,3,4,3,19,27,26,27,24,TRUE
440,1,2,3,4,2,13,20,19,16,14,FALSE
440,1,2,3,4,2,13,12,19,16,17,TRUE
441,1,1,4,5,2,17,25,23,14,20,FALSE
441,1,1,4,5,2,16,21,18,18,19,TRUE
442,2,2,4,2,2,22,21,24,25,26,FALSE
442,2,2,4,2,2,17,18,22,16,16,TRUE
443,1,1,3,5,4,13,14,24,16,19,FALSE
443,1,1,3,5,4,12,16,20,12,18,TRUE
444,1,2,2,1,1,12,20,21,18,18,FALSE
444,1,2,2,1,1,14,20,22,19,17,TRUE
445,1,1,4,4,4,21,25,17,20,25,FALSE
445,1,1,4,4,4,19,26,25,16,26,TRUE
446,2,2,3,3,3,19,21,19,18,17,FALSE
446,2,2,3,3,3,21,18,12,13,19,TRUE
447,2,2,4,4,2,17,25,20,20,19,FALSE
447,2,2,4,4,2,22,20,24,17,22,TRUE
448,2,2,3,3,3,16,19,20,15,23,FALSE
448,2,2,3,3,3,18,30,23,23,24,TRUE
449,2,1,5,6,3,17,21,20,14,20,FALSE
449,2,1,5,6,3,22,22,22,13,26,TRUE
450,2,1,3,2,2,13,23,26,21,20,FALSE
450,2,1,3,2,2,20,23,24,19,20,TRUE
451,2,1,3,4,4,15,23,18,12,21,FALSE
451,2,1,3,4,4,14,15,17,16,23,TRUE
452,1,2,4,6,5,20,29,23,26,27,FALSE
452,1,2,4,6,5,20,29,22,21,23,TRUE
453,2,2,2,4,2,17,24,22,17,19,FALSE
453,2,2,2,4,2,20,24,24,25,28,TRUE
454,1,1,3,4,3,13,15,21,23,20,FALSE
454,1,1,3,4,3,17,18,21,21,19,TRUE
455,2,1,4,4,4,21,26,30,28,26,FALSE
455,2,1,4,4,4,23,28,26,27,28,TRUE
456,2,1,3,4,3,22,21,23,21,23,FALSE
456,2,1,3,4,3,24,19,18,22,20,TRUE
457,2,1,4,3,4,24,24,23,27,23,FALSE
457,2,1,4,3,4,24,25,23,20,22,TRUE
458,2,1,4,6,5,24,21,28,26,27,FALSE
458,2,1,4,6,5,28,33,29,26,28,TRUE
459,2,2,5,5,4,19,32,27,21,24,FALSE
459,2,2,5,5,4,15,17,21,17,28,TRUE
460,1,1,3,1,3,14,20,17,16,19,FALSE
460,1,1,3,1,3,14,18,18,21,20,TRUE
461,2,1,2,2,4,22,13,16,18,20,FALSE
461,2,1,2,2,4,15,14,17,12,18,TRUE
462,2,1,5,5,1,27,30,27,28,24,FALSE
462,2,1,5,5,1,26,27,25,30,24,TRUE
463,2,1,2,1,5,20,22,20,21,23,FALSE
463,2,1,2,1,5,22,28,24,22,27,TRUE
464,2,1,6,6,6,27,28,24,30,27,FALSE
464,2,1,6,6,6,25,30,27,29,26,TRUE
465,2,1,5,4,5,24,29,26,21,24,FALSE
465,2,1,5,4,5,23,26,24,27,23,TRUE
466,1,2,6,6,4,23,30,28,25,27,FALSE
466,1,2,6,6,4,22,25,24,23,24,TRUE
467,1,1,3,4,4,23,30,28,29,24,FALSE
467,1,1,3,4,4,19,29,27,26,22,TRUE
468,1,2,3,2,3,15,24,20,22,17,FALSE
468,1,2,3,2,3,16,22,25,25,18,TRUE
469,1,2,4,4,3,19,23,23,19,18,FALSE
469,1,2,4,4,3,19,24,24,25,21,TRUE
470,2,2,4,4,7,21,25,16,20,20,FALSE
470,2,2,4,4,7,20,23,16,17,23,TRUE
471,1,2,3,5,4,12,25,19,17,17,FALSE
471,1,2,3,5,4,16,22,22,23,21,TRUE
472,1,2,4,3,3,21,26,25,28,29,FALSE
472,1,2,4,3,3,22,34,28,29,26,TRUE
473,1,1,3,4,4,20,30,28,25,25,FALSE
473,1,1,3,4,4,20,32,27,26,24,TRUE
474,2,1,1,1,2,21,20,17,24,23,FALSE
474,2,1,1,1,2,22,21,20,24,17,TRUE
475,2,1,5,5,5,23,26,25,21,22,FALSE
475,2,1,5,5,5,17,26,17,19,23,TRUE
476,2,2,3,1,4,20,22,19,18,20,FALSE
476,2,2,3,1,4,20,20,16,17,17,TRUE
477,2,1,4,2,4,14,13,19,20,18,FALSE
477,2,1,4,2,4,10,11,18,8,16,TRUE
478,2,1,4,3,7,21,23,25,17,22,FALSE
478,2,1,4,3,7,21,24,23,19,25,TRUE
479,2,2,6,6,4,25,25,24,19,30,FALSE
479,2,2,6,6,4,27,32,26,26,30,TRUE
480,1,1,2,1,1,20,21,27,23,31,FALSE
480,1,1,2,1,1,22,23,29,26,31,TRUE
481,1,1,2,3,2,18,25,23,19,23,FALSE
481,1,1,2,3,2,16,22,25,20,22,TRUE
482,2,1,3,2,1,20,21,19,19,22,FALSE
482,2,1,3,2,1,16,12,13,19,18,TRUE
483,1,1,3,3,3,25,21,27,23,24,FALSE
483,1,1,3,3,3,24,25,30,23,25,TRUE
484,1,1,4,5,4,26,25,18,24,20,FALSE
484,1,1,4,5,4,22,22,26,24,22,TRUE
485,2,1,3,4,3,17,19,21,17,19,FALSE
485,2,1,3,4,3,21,21,20,20,18,TRUE
486,1,1,2,2,3,24,34,26,22,27,FALSE
486,1,1,2,2,3,27,34,26,18,28,TRUE
487,1,2,4,6,7,25,31,27,31,30,FALSE
487,1,2,4,6,7,27,35,31,32,31,TRUE
488,1,1,2,2,4,19,30,27,26,25,FALSE
488,1,1,2,2,4,20,30,29,28,28,TRUE
489,2,2,3,5,7,18,16,17,14,18,FALSE
489,2,2,3,5,7,20,32,25,18,24,TRUE
490,2,2,3,3,4,24,15,23,24,20,FALSE
490,2,2,3,3,4,23,31,30,25,30,TRUE
491,2,1,1,1,3,23,22,18,21,18,FALSE
491,2,1,1,1,3,20,20,21,23,19,TRUE
492,1,1,3,6,6,19,24,17,15,16,FALSE
492,1,1,3,6,6,15,26,7,13,16,TRUE
493,2,1,5,6,7,20,21,23,14,27,FALSE
493,2,1,5,6,7,22,22,25,20,29,TRUE
494,2,1,5,5,4,12,21,18,20,22,FALSE
494,2,1,5,5,4,21,19,20,19,24,TRUE
495,1,2,3,3,4,18,20,23,25,21,FALSE
495,1,2,3,3,4,15,16,13,20,16,TRUE
496,2,1,5,1,1,17,14,18,23,26,FALSE
496,2,1,5,1,1,15,17,26,23,23,TRUE
497,1,1,4,1,3,25,22,23,28,21,FALSE
497,1,1,4,1,3,23,23,22,24,22,TRUE
498,2,1,4,5,3,24,24,25,12,26,FALSE
498,2,1,4,5,3,17,17,24,13,21,TRUE
499,2,1,3,2,3,20,26,21,25,23,FALSE
499,2,1,3,2,3,20,28,25,20,24,TRUE
500,2,2,2,5,6,22,25,19,19,24,FALSE
500,2,2,2,5,6,20,14,21,17,23,TRUE
501,2,2,5,3,3,22,21,23,26,22,FALSE
501,2,2,5,3,3,21,33,24,26,22,TRUE
502,1,2,6,4,6,23,32,26,30,27,FALSE
502,1,2,6,4,6,20,10,23,18,27,TRUE
503,1,2,2,2,3,21,31,21,23,19,FALSE
503,1,2,2,2,3,24,25,27,24,21,TRUE
504,2,2,3,5,3,23,27,22,23,20,FALSE
504,2,2,3,5,3,18,22,23,26,24,TRUE
505,1,2,3,5,4,18,20,20,16,17,FALSE
505,1,2,3,5,4,16,18,17,17,20,TRUE
506,1,2,2,4,3,20,23,26,25,24,FALSE
506,1,2,2,4,3,16,21,19,16,17,TRUE
507,1,1,2,3,2,13,21,22,13,18,FALSE
507,1,1,2,3,2,13,28,23,22,20,TRUE
508,1,1,2,3,4,26,33,27,28,24,FALSE
508,1,1,2,3,4,21,27,24,27,22,TRUE
509,2,1,5,6,6,27,27,28,23,29,FALSE
509,2,1,5,6,6,27,32,31,27,28,TRUE
510,2,1,3,3,1,16,8,15,3,17,FALSE
510,2,1,3,3,1,16,21,18,15,23,TRUE
511,2,1,2,2,2,13,11,18,12,16,FALSE
511,2,1,2,2,2,18,17,22,10,19,TRUE
512,1,1,2,2,2,23,28,26,30,24,FALSE
512,1,1,2,2,2,25,29,28,29,29,TRUE
513,1,2,6,2,2,24,30,24,26,25,FALSE
513,1,2,6,2,2,20,21,15,19,19,TRUE
514,2,1,3,2,4,20,19,16,16,9,FALSE
514,2,1,3,2,4,17,20,16,18,15,TRUE
515,2,1,6,6,4,19,22,23,20,25,FALSE
515,2,1,6,6,4,16,24,24,23,24,TRUE
516,2,1,5,5,5,22,22,21,9,24,FALSE
516,2,1,5,5,5,23,25,24,22,22,TRUE
517,1,2,3,3,7,18,20,19,22,19,FALSE
517,1,2,3,3,7,24,27,18,23,22,TRUE
518,2,1,2,3,1,21,22,27,24,24,FALSE
518,2,1,2,3,1,27,21,26,27,24,TRUE
519,2,1,1,1,1,3,10,4,8,8,FALSE
519,2,1,1,1,1,8,10,3,9,5,TRUE
520,2,2,3,3,3,19,16,18,10,15,FALSE
520,2,2,3,3,3,12,11,13,13,6,TRUE
521,1,1,4,6,4,14,21,16,20,15,FALSE
521,1,1,4,6,4,14,25,20,19,16,TRUE
522,2,2,1,2,5,22,10,26,22,22,FALSE
522,2,2,1,2,5,18,10,24,25,16,TRUE
523,2,2,5,1,4,19,8,10,17,16,FALSE
523,2,2,5,1,4,22,16,16,12,19,TRUE
524,2,1,3,3,4,25,22,26,27,28,FALSE
524,2,1,3,3,4,24,26,26,23,24,TRUE
525,2,1,4,6,7,20,14,19,14,22,FALSE
525,2,1,4,6,7,20,18,18,15,21,TRUE
526,2,2,2,3,3,11,12,17,13,16,FALSE
526,2,2,2,3,3,20,26,19,10,15,TRUE
527,1,1,3,4,5,21,25,21,21,24,FALSE
527,1,1,3,4,5,23,27,21,23,22,TRUE
528,2,2,4,5,3,17,16,22,23,20,FALSE
528,2,2,4,5,3,23,22,26,18,23,TRUE
529,1,1,4,3,2,17,20,19,22,23,FALSE
529,1,1,4,3,2,15,24,19,23,23,TRUE
530,1,1,3,3,1,22,20,15,9,12,FALSE
530,1,1,3,3,1,21,13,14,16,15,TRUE
531,2,1,3,3,3,22,27,25,29,32,FALSE
531,2,1,3,3,3,22,18,28,25,31,TRUE
532,1,1,5,3,3,7,12,18,18,19,FALSE
532,1,1,5,3,3,20,20,23,11,18,TRUE
533,2,1,4,6,7,25,33,27,18,29,FALSE
533,2,1,4,6,7,25,27,23,14,28,TRUE
534,1,2,4,4,4,20,23,26,30,28,FALSE
534,1,2,4,4,4,19,20,23,26,20,TRUE
535,1,1,2,3,2,9,11,8,12,18,FALSE
535,1,1,2,3,2,13,10,11,15,16,TRUE
536,1,2,3,4,4,25,33,27,28,26,FALSE
536,1,2,3,4,4,22,21,22,23,21,TRUE
537,1,2,5,6,5,26,32,29,29,28,FALSE
537,1,2,5,6,5,23,35,26,33,28,TRUE
538,1,1,2,2,3,21,29,21,25,22,FALSE
538,1,1,2,2,3,22,30,25,26,25,TRUE
539,1,2,4,6,5,11,24,20,25,20,FALSE
539,1,2,4,6,5,14,26,22,26,21,TRUE
540,1,1,5,6,4,25,28,31,30,27,FALSE
540,1,1,5,6,4,24,30,29,29,31,TRUE
541,2,2,3,4,4,19,21,19,23,24,FALSE
541,2,2,3,4,4,18,26,18,20,20,TRUE
542,2,2,4,3,5,20,23,15,13,18,FALSE
542,2,2,4,3,5,19,13,14,13,19,TRUE
543,2,1,4,3,4,19,17,17,16,17,FALSE
543,2,1,4,3,4,22,16,18,22,18,TRUE
544,1,1,4,3,2,15,21,18,16,20,FALSE
544,1,1,4,3,2,17,13,16,15,25,TRUE
545,1,1,2,4,2,17,13,13,15,18,FALSE
545,1,1,2,4,2,18,19,17,22,18,TRUE
546,2,1,3,2,2,18,24,23,16,22,FALSE
546,2,1,3,2,2,20,20,23,26,24,TRUE
547,1,1,3,3,3,16,27,22,17,21,FALSE
547,1,1,3,3,3,20,25,21,24,23,TRUE
548,1,1,3,6,4,25,22,24,25,19,FALSE
548,1,1,3,6,4,27,24,21,28,21,TRUE
549,2,1,3,4,4,17,29,23,24,25,FALSE
549,2,1,3,4,4,20,23,21,25,22,TRUE
550,1,2,4,3,2,25,30,17,23,22,FALSE
550,1,2,4,3,2,20,29,28,24,26,TRUE
551,2,2,3,1,2,21,17,24,23,20,FALSE
551,2,2,3,1,2,24,23,21,25,25,TRUE
552,2,1,5,4,5,21,13,12,10,20,FALSE
552,2,1,5,4,5,19,16,17,16,20,TRUE
553,2,1,3,2,2,21,29,19,23,20,FALSE
553,2,1,3,2,2,24,21,22,24,21,TRUE
554,1,2,5,4,4,23,28,20,28,23,FALSE
554,1,2,5,4,4,26,30,24,30,26,TRUE
555,1,2,3,4,2,24,24,21,25,21,FALSE
555,1,2,3,4,2,20,20,15,23,17,TRUE
556,2,2,3,2,3,12,14,13,11,18,FALSE
556,2,2,3,2,3,21,16,20,10,19,TRUE
557,1,1,2,1,1,17,13,20,18,16,FALSE
557,1,1,2,1,1,18,11,22,16,18,TRUE
558,1,2,3,3,4,20,18,21,20,21,FALSE
558,1,2,3,3,4,20,20,26,25,26,TRUE
559,1,1,3,4,2,19,23,19,26,19,FALSE
559,1,1,3,4,2,20,28,18,23,22,TRUE
560,2,1,3,4,2,23,20,16,20,19,FALSE
560,2,1,3,4,2,23,13,18,19,16,TRUE
561,1,2,3,3,4,11,13,16,21,21,FALSE
561,1,2,3,3,4,12,16,18,23,18,TRUE
562,2,2,3,5,2,18,10,15,15,22,FALSE
562,2,2,3,5,2,11,20,14,13,22,TRUE
563,2,1,4,6,7,22,26,17,18,18,FALSE
563,2,1,4,6,7,21,25,20,18,17,TRUE
564,1,1,2,4,4,20,30,20,20,22,FALSE
564,1,1,2,4,4,15,21,17,21,14,TRUE
565,2,1,2,3,5,18,14,17,16,18,FALSE
565,2,1,2,3,5,17,14,23,17,21,TRUE
566,1,1,3,4,4,18,22,23,25,24,FALSE
566,1,1,3,4,4,20,22,23,25,25,TRUE
567,2,2,4,4,4,23,25,19,17,21,FALSE
567,2,2,4,4,4,24,30,26,24,25,TRUE
568,1,2,4,5,4,22,23,21,23,20,FALSE
568,1,2,4,5,4,22,26,16,27,21,TRUE
569,1,1,4,3,2,21,21,19,21,20,FALSE
569,1,1,4,3,2,17,12,11,17,16,TRUE
570,2,1,3,3,3,18,6,15,13,15,FALSE
570,2,1,3,3,3,18,10,18,16,18,TRUE
571,2,2,4,4,2,11,8,15,13,14,FALSE
571,2,2,4,4,2,16,3,12,18,19,TRUE
572,1,2,6,6,4,22,22,20,17,24,FALSE
572,1,2,6,6,4,23,28,23,23,27,TRUE
573,1,2,4,6,5,22,22,24,25,18,FALSE
573,1,2,4,6,5,28,33,31,31,27,TRUE
574,1,1,4,5,3,21,27,28,21,27,FALSE
574,1,1,4,5,3,24,33,27,29,24,TRUE
575,2,1,4,3,2,18,18,19,16,20,FALSE
575,2,1,4,3,2,19,13,15,12,17,TRUE
576,2,1,4,5,2,17,17,16,9,16,FALSE
576,2,1,4,5,2,19,13,17,13,16,TRUE
577,2,1,3,3,7,15,11,15,8,14,FALSE
577,2,1,3,3,7,17,13,8,17,16,TRUE
578,1,2,2,4,1,9,20,17,18,14,FALSE
578,1,2,2,4,1,13,18,16,20,12,TRUE
579,2,2,4,6,4,24,21,19,22,18,FALSE
579,2,2,4,6,4,17,14,18,17,15,TRUE
580,2,1,5,6,5,17,23,19,22,18,FALSE
580,2,1,5,6,5,20,20,18,23,19,TRUE
581,2,1,4,6,4,25,18,26,23,21,FALSE
581,2,1,4,6,4,24,24,25,24,22,TRUE
582,1,2,4,6,3,21,19,24,25,17,FALSE
582,1,2,4,6,3,27,29,28,30,24,TRUE
583,2,2,5,3,2,28,25,29,26,28,FALSE
583,2,2,5,3,2,19,21,22,23,22,TRUE
584,2,2,5,5,3,17,11,24,19,20,FALSE
584,2,2,5,5,3,18,13,15,17,15,TRUE
585,2,1,4,3,3,23,15,17,21,23,FALSE
585,2,1,4,3,3,21,22,18,20,21,TRUE
586,2,1,6,6,4,28,28,28,28,32,FALSE
586,2,1,6,6,4,29,29,27,29,30,TRUE
587,2,2,4,4,3,19,21,9,17,15,FALSE
587,2,2,4,4,3,18,18,12,20,15,TRUE
588,1,1,3,3,2,16,23,21,20,19,FALSE
588,1,1,3,3,2,17,19,19,23,20,TRUE
589,1,2,6,3,3,12,13,14,12,17,FALSE
589,1,2,6,3,3,17,18,14,12,13,TRUE
590,1,2,5,5,5,26,30,24,22,23,FALSE
590,1,2,5,5,5,20,24,12,17,18,TRUE
591,2,1,5,4,3,10,8,14,10,13,FALSE
591,2,1,5,4,3,15,8,13,11,15,TRUE
592,2,1,2,1,3,20,20,17,15,18,FALSE
592,2,1,2,1,3,17,22,14,17,17,TRUE
593,2,1,5,3,4,16,19,21,23,15,FALSE
593,2,1,5,3,4,20,20,20,24,15,TRUE
594,1,2,3,3,4,9,20,15,6,17,FALSE
594,1,2,3,3,4,15,17,16,12,17,TRUE
595,1,1,3,4,3,15,30,24,27,22,FALSE
595,1,1,3,4,3,16,24,23,25,17,TRUE
596,1,1,3,4,3,21,33,27,28,22,FALSE
596,1,1,3,4,3,20,31,28,29,22,TRUE
597,2,2,5,4,3,24,30,30,25,24,FALSE
597,2,2,5,4,3,23,22,26,28,23,TRUE
598,1,1,3,2,1,19,22,17,18,18,FALSE
598,1,1,3,2,1,14,14,15,18,15,TRUE
599,1,1,5,3,2,18,25,23,24,22,FALSE
599,1,1,5,3,2,20,27,22,27,26,TRUE
600,1,2,2,2,4,17,24,21,23,18,FALSE
600,1,2,2,2,4,14,22,18,17,20,TRUE
601,2,2,3,3,2,21,18,20,23,23,FALSE
601,2,2,3,3,2,19,17,17,16,18,TRUE
602,2,1,3,2,4,19,20,24,19,20,FALSE
602,2,1,3,2,4,20,21,20,23,20,TRUE
603,2,2,5,6,2,15,17,20,17,18,FALSE
603,2,2,5,6,2,17,20,18,11,15,TRUE
604,2,1,3,3,2,20,19,17,22,21,FALSE
604,2,1,3,3,2,19,14,14,13,18,TRUE
605,1,1,2,2,1,16,17,17,20,12,FALSE
605,1,1,2,2,1,10,20,19,19,15,TRUE
606,2,2,3,4,2,27,33,27,29,30,FALSE
606,2,2,3,4,2,21,23,28,19,27,TRUE
607,1,1,1,1,1,15,18,18,24,18,FALSE
607,1,1,1,1,1,18,16,19,17,16,TRUE
608,2,2,1,3,1,22,14,19,11,18,FALSE
608,2,2,1,3,1,20,17,17,15,21,TRUE
609,1,1,5,6,7,22,30,18,15,22,FALSE
609,1,1,5,6,7,24,22,17,23,22,TRUE
610,2,2,3,2,1,18,19,15,16,17,FALSE
610,2,2,3,2,1,11,12,17,16,18,TRUE
611,2,1,3,3,4,17,31,26,25,25,FALSE
611,2,1,3,3,4,12,20,23,23,24,TRUE
612,1,1,3,3,1,21,22,16,21,19,FALSE
612,1,1,3,3,1,19,26,20,24,18,TRUE
613,1,1,4,4,4,17,20,15,18,18,FALSE
613,1,1,4,4,4,16,17,19,19,16,TRUE
614,1,1,1,1,2,18,20,18,20,17,FALSE
614,1,1,1,1,2,20,20,19,17,20,TRUE
615,1,1,2,3,1,23,23,24,23,22,FALSE
615,1,1,2,3,1,26,29,23,25,23,TRUE
616,1,1,3,4,4,14,19,15,22,16,FALSE
616,1,1,3,4,4,16,18,16,21,17,TRUE
617,2,1,2,1,3,22,29,24,25,23,FALSE
617,2,1,2,1,3,24,26,22,29,27,TRUE
618,2,1,3,5,2,17,11,14,12,20,FALSE
618,2,1,3,5,2,14,10,10,16,19,TRUE
619,2,1,3,5,2,17,16,17,16,14,FALSE
619,2,1,3,5,2,17,18,17,10,15,TRUE
620,1,1,3,5,5,24,24,22,23,22,FALSE
620,1,1,3,5,5,17,20,21,23,18,TRUE
621,2,1,4,4,7,16,25,20,20,18,FALSE
621,2,1,4,4,7,14,18,15,22,19,TRUE
622,2,1,3,4,3,13,20,16,20,19,FALSE
622,2,1,3,4,3,16,27,22,23,19,TRUE
623,2,1,1,1,1,26,22,24,20,27,FALSE
623,2,1,1,1,1,25,20,24,26,26,TRUE
624,1,1,4,3,2,28,25,27,30,29,FALSE
624,1,1,4,3,2,19,24,23,28,25,TRUE
625,2,2,5,5,4,28,29,28,23,25,FALSE
625,2,2,5,5,4,20,17,20,23,21,TRUE
626,2,1,4,6,6,23,20,21,19,28,FALSE
626,2,1,4,6,6,26,24,25,22,28,TRUE
627,2,1,3,2,2,23,18,18,25,19,FALSE
627,2,1,3,2,2,23,18,21,19,22,TRUE
628,2,1,3,4,2,20,17,23,21,24,FALSE
628,2,1,3,4,2,23,23,22,16,22,TRUE
629,2,1,3,3,2,21,12,19,12,17,FALSE
629,2,1,3,3,2,16,19,15,21,17,TRUE
630,1,1,3,1,1,13,17,17,12,16,FALSE
630,1,1,3,1,1,14,26,16,20,16,TRUE
631,2,1,3,2,3,17,19,15,11,18,FALSE
631,2,1,3,2,3,16,20,16,11,18,TRUE
632,1,1,5,6,4,14,27,18,24,19,FALSE
632,1,1,5,6,4,13,23,15,12,19,TRUE
633,2,2,4,5,5,25,28,25,24,23,FALSE
633,2,2,4,5,5,22,19,24,16,25,TRUE
634,2,1,3,5,7,19,21,22,13,24,FALSE
634,2,1,3,5,7,17,28,28,19,27,TRUE
635,2,2,4,3,2,19,16,22,25,22,FALSE
635,2,2,4,3,2,23,16,17,14,20,TRUE
636,1,1,5,6,4,18,26,22,25,22,FALSE
636,1,1,5,6,4,21,24,23,27,22,TRUE
637,2,1,4,5,4,19,23,24,24,24,FALSE
637,2,1,4,5,4,17,19,21,17,21,TRUE
638,1,1,3,3,2,15,18,19,18,12,FALSE
638,1,1,3,3,2,16,22,21,18,13,TRUE
639,1,1,3,3,1,6,14,7,12,13,FALSE
639,1,1,3,3,1,14,18,17,13,17,TRUE
640,2,2,4,3,7,26,17,17,25,18,FALSE
640,2,2,4,3,7,20,22,15,14,18,TRUE
641,2,1,3,2,1,19,17,16,16,16,FALSE
641,2,1,3,2,1,16,18,17,17,18,TRUE
642,2,2,5,1,3,25,20,22,23,23,FALSE
642,2,2,5,1,3,21,20,16,17,21,TRUE
643,2,1,2,1,2,23,19,13,17,18,FALSE
643,2,1,2,1,2,22,17,15,20,18,TRUE
644,2,1,1,1,2,23,13,22,26,23,FALSE
644,2,1,1,1,2,24,23,19,23,22,TRUE
645,1,1,4,2,2,19,27,19,26,20,FALSE
645,1,1,4,2,2,17,26,23,25,21,TRUE
646,1,2,4,6,7,26,30,22,23,21,FALSE
646,1,2,4,6,7,25,31,26,27,23,TRUE
647,2,1,3,4,2,21,18,20,21,18,FALSE
647,2,1,3,4,2,19,20,16,19,14,TRUE
648,1,1,3,4,3,16,28,21,25,15,FALSE
648,1,1,3,4,3,19,31,26,27,21,TRUE
649,2,2,1,4,2,22,24,24,21,22,FALSE
649,2,2,1,4,2,24,32,27,31,24,TRUE
650,2,1,3,3,1,30,30,22,23,23,FALSE
650,2,1,3,3,1,28,27,17,17,23,TRUE
651,2,1,4,1,4,8,17,17,18,15,FALSE
651,2,1,4,1,4,18,16,15,21,15,TRUE
652,2,1,3,4,1,20,14,16,18,14,FALSE
652,2,1,3,4,1,19,16,20,23,22,TRUE
653,1,1,3,2,5,21,31,26,28,23,FALSE
653,1,1,3,2,5,23,30,29,25,23,TRUE
654,2,2,5,6,7,29,25,29,29,30,FALSE
654,2,2,5,6,7,28,28,29,29,30,TRUE
655,2,2,5,5,6,19,19,23,20,18,FALSE
655,2,2,5,5,6,22,22,24,16,27,TRUE
656,2,1,3,3,2,11,7,15,7,15,FALSE
656,2,1,3,3,2,16,12,18,8,18,TRUE
657,2,1,3,2,2,17,18,16,12,15,FALSE
657,2,1,3,2,2,16,19,14,15,16,TRUE
658,1,1,4,3,2,11,25,12,16,14,FALSE
658,1,1,4,3,2,15,22,12,20,14,TRUE
659,2,1,3,4,3,22,20,11,21,18,FALSE
659,2,1,3,4,3,25,25,20,21,21,TRUE
660,2,2,4,5,5,24,24,19,23,22,FALSE
660,2,2,4,5,5,21,22,20,17,22,TRUE
661,2,1,1,1,2,15,17,18,16,21,FALSE
661,2,1,1,1,2,17,21,20,18,21,TRUE
662,1,2,3,4,2,15,18,15,18,15,FALSE
662,1,2,3,4,2,13,16,11,13,12,TRUE
663,1,1,4,6,5,24,26,21,24,22,FALSE
663,1,1,4,6,5,24,24,21,20,21,TRUE
664,1,2,4,1,1,17,16,15,22,15,FALSE
664,1,2,4,1,1,13,19,16,25,19,TRUE
665,2,1,3,3,2,17,13,20,10,17,FALSE
665,2,1,3,3,2,26,20,17,20,17,TRUE
666,1,2,5,6,4,17,22,17,26,20,FALSE
666,1,2,5,6,4,18,21,21,17,20,TRUE
667,2,1,3,2,2,16,7,15,21,17,FALSE
667,2,1,3,2,2,17,20,18,18,16,TRUE
668,2,1,6,5,2,15,14,14,7,17,FALSE
668,2,1,6,5,2,13,14,11,16,18,TRUE
669,1,1,3,3,4,26,23,25,24,27,FALSE
669,1,1,3,3,4,24,27,24,27,24,TRUE
670,1,1,5,6,2,17,25,18,25,18,FALSE
670,1,1,5,6,2,23,25,19,23,21,TRUE
671,1,2,5,5,4,22,22,15,23,19,FALSE
671,1,2,5,5,4,21,20,22,23,21,TRUE
672,1,1,3,3,2,23,25,18,20,18,FALSE
672,1,1,3,3,2,18,26,21,25,20,TRUE
673,1,1,4,6,4,21,22,25,26,25,FALSE
673,1,1,4,6,4,22,27,26,26,25,TRUE
674,1,1,5,6,7,19,27,27,26,23,FALSE
674,1,1,5,6,7,21,28,29,29,24,TRUE
675,1,2,6,6,6,9,18,17,10,17,FALSE
675,1,2,6,6,6,21,32,26,28,24,TRUE
676,1,1,3,3,4,21,28,19,23,28,FALSE
676,1,1,3,3,4,23,31,24,26,27,TRUE
677,2,2,3,3,2,21,18,15,18,14,FALSE
677,2,2,3,3,2,18,20,18,16,18,TRUE
678,2,1,2,2,2,17,14,18,16,18,FALSE
678,2,1,2,2,2,18,14,20,15,18,TRUE
679,2,1,4,5,3,17,18,17,14,16,FALSE
679,2,1,4,5,3,15,20,17,24,15,TRUE
680,2,1,3,4,3,18,24,14,16,21,FALSE
680,2,1,3,4,3,20,25,17,15,20,TRUE
681,1,2,2,2,2,22,22,14,12,18,FALSE
681,1,2,2,2,2,22,20,19,10,18,TRUE
682,1,2,5,5,5,19,25,22,23,20,FALSE
682,1,2,5,5,5,22,25,30,25,24,TRUE
683,2,2,5,3,2,19,14,17,16,17,FALSE
683,2,2,5,3,2,15,20,14,19,16,TRUE
684,2,1,5,5,4,20,19,14,13,20,FALSE
684,2,1,5,5,4,21,21,22,13,22,TRUE
685,2,2,5,6,4,30,28,28,28,30,FALSE
685,2,2,5,6,4,29,29,27,29,30,TRUE
686,1,1,5,6,5,24,32,27,30,32,FALSE
686,1,1,5,6,5,26,30,30,30,32,TRUE
687,1,2,2,2,4,7,13,9,17,14,FALSE
687,1,2,2,2,4,13,20,17,19,15,TRUE
688,1,1,3,3,3,8,13,14,14,4,FALSE
688,1,1,3,3,3,12,18,13,16,12,TRUE
689,1,2,4,6,4,24,28,28,22,22,FALSE
689,1,2,4,6,4,19,31,31,27,26,TRUE
690,2,2,3,3,7,15,13,13,9,17,FALSE
690,2,2,3,3,7,17,17,18,16,20,TRUE
691,1,2,5,4,4,20,26,23,26,28,FALSE
691,1,2,5,4,4,27,32,32,29,30,TRUE
692,2,1,3,4,5,22,24,28,23,30,FALSE
692,2,1,3,4,5,24,27,26,23,29,TRUE
693,1,1,4,3,2,14,23,15,11,12,FALSE
693,1,1,4,3,2,13,22,18,12,14,TRUE
694,1,1,3,3,2,22,24,16,11,16,FALSE
694,1,1,3,3,2,18,24,20,26,18,TRUE
695,2,2,3,4,2,18,11,18,11,17,FALSE
695,2,2,3,4,2,20,23,24,16,22,TRUE
696,1,2,3,3,2,25,24,24,23,27,FALSE
696,1,2,3,3,2,26,25,29,26,28,TRUE
697,2,1,2,4,2,20,13,18,16,18,FALSE
697,2,1,2,4,2,23,15,23,15,19,TRUE
698,1,1,5,6,5,20,21,15,22,21,FALSE
698,1,1,5,6,5,20,20,18,24,18,TRUE
699,1,1,6,5,5,23,27,25,28,26,FALSE
699,1,1,6,5,5,21,32,28,28,23,TRUE
700,2,1,3,4,2,18,20,20,15,21,FALSE
700,2,1,3,4,2,20,20,21,15,21,TRUE
701,2,1,3,5,4,21,20,21,16,17,FALSE
701,2,1,3,5,4,19,17,20,23,18,TRUE
702,2,1,3,4,4,24,24,29,23,27,FALSE
702,2,1,3,4,4,29,30,28,28,29,TRUE
703,1,2,6,6,7,20,28,26,28,24,FALSE
703,1,2,6,6,7,21,21,14,15,14,TRUE
704,2,1,2,2,2,19,13,14,12,12,FALSE
704,2,1,2,2,2,19,14,17,12,13,TRUE
705,2,1,2,3,2,15,11,16,20,19,FALSE
705,2,1,2,3,2,20,21,20,11,20,TRUE
706,2,2,3,5,3,20,22,20,17,25,FALSE
706,2,2,3,5,3,21,26,19,16,23,TRUE
707,2,2,4,4,2,27,20,18,24,21,FALSE
707,2,2,4,4,2,21,14,18,19,20,TRUE
708,2,1,2,2,2,19,11,18,14,17,FALSE
708,2,1,2,2,2,21,15,18,23,17,TRUE
709,2,2,3,2,5,17,22,15,12,18,FALSE
709,2,2,3,2,5,19,17,20,16,16,TRUE
710,1,2,2,1,2,23,26,23,26,27,FALSE
710,1,2,2,1,2,25,12,22,25,26,TRUE
711,1,1,3,3,2,13,32,21,25,18,FALSE
711,1,1,3,3,2,10,31,24,26,20,TRUE
712,2,1,2,3,3,20,13,16,17,16,FALSE
712,2,1,2,3,3,19,19,16,20,17,TRUE
713,2,2,3,3,2,27,25,23,24,22,FALSE
713,2,2,3,3,2,21,23,20,19,21,TRUE
714,1,1,2,2,3,11,12,14,16,14,FALSE
714,1,1,2,2,3,12,10,15,16,15,TRUE
715,2,2,4,6,3,16,14,23,19,20,FALSE
715,2,2,4,6,3,20,16,23,25,27,TRUE
716,2,1,5,3,3,23,17,20,24,19,FALSE
716,2,1,5,3,3,22,17,24,21,22,TRUE
717,1,1,3,4,3,9,21,16,11,18,FALSE
717,1,1,3,4,3,15,20,17,12,17,TRUE
718,2,1,3,4,2,13,11,17,13,19,FALSE
718,2,1,3,4,2,17,11,18,10,19,TRUE
719,1,2,4,6,5,17,20,19,16,24,FALSE
719,1,2,4,6,5,16,24,19,23,24,TRUE
720,2,1,3,3,2,17,17,16,22,24,FALSE
720,2,1,3,3,2,22,17,21,14,27,TRUE
721,1,1,4,6,6,20,24,28,27,29,FALSE
721,1,1,4,6,6,20,32,30,30,30,TRUE
722,1,1,4,4,4,24,25,22,25,22,FALSE
722,1,1,4,4,4,19,28,23,26,22,TRUE
723,2,1,3,3,2,19,21,19,15,21,FALSE
723,2,1,3,3,2,19,18,17,15,22,TRUE
724,2,2,5,4,4,27,19,31,28,29,FALSE
724,2,2,5,4,4,25,20,27,27,28,TRUE
725,2,1,2,1,2,18,14,18,18,18,FALSE
725,2,1,2,1,2,17,13,18,19,16,TRUE
726,2,2,6,5,4,16,19,19,20,23,FALSE
726,2,2,6,5,4,12,17,18,16,23,TRUE
727,2,1,1,3,2,23,14,22,25,18,FALSE
727,2,1,1,3,2,26,12,23,20,18,TRUE
728,1,1,1,2,2,12,21,16,18,16,FALSE
728,1,1,1,2,2,19,20,19,18,20,TRUE
729,2,1,3,3,2,15,14,10,12,12,FALSE
729,2,1,3,3,2,17,19,17,21,14,TRUE
730,1,2,1,3,1,22,14,19,20,14,FALSE
730,1,2,1,3,1,27,22,24,28,25,TRUE
731,1,1,2,1,1,18,20,17,20,15,FALSE
731,1,1,2,1,1,17,16,18,12,15,TRUE
732,1,2,3,4,4,24,30,27,29,28,FALSE
732,1,2,3,4,4,20,20,21,24,23,TRUE
733,2,1,4,6,7,19,23,24,23,21,FALSE
733,2,1,4,6,7,22,29,27,23,25,TRUE
734,2,2,1,1,1,17,11,17,13,13,FALSE
734,2,2,1,1,1,17,10,19,10,14,TRUE
735,1,1,3,5,4,24,30,21,23,22,FALSE
735,1,1,3,5,4,20,22,20,23,20,TRUE
736,1,1,4,5,4,5,12,4,3,11,FALSE
736,1,1,4,5,4,6,13,3,6,15,TRUE
737,2,1,5,4,4,21,19,20,25,18,FALSE
737,2,1,5,4,4,16,11,16,12,14,TRUE
738,2,1,3,2,2,14,18,15,17,19,FALSE
738,2,1,3,2,2,18,14,16,14,14,TRUE
739,1,1,4,3,4,27,25,27,24,28,FALSE
739,1,1,4,3,4,26,22,25,27,28,TRUE
740,2,1,4,5,4,20,21,22,17,19,FALSE
740,2,1,4,5,4,24,23,20,11,18,TRUE
741,1,1,4,5,5,29,34,25,28,30,FALSE
741,1,1,4,5,5,24,35,23,30,28,TRUE
742,2,2,3,3,4,23,27,28,26,27,FALSE
742,2,2,3,3,4,20,21,25,24,22,TRUE
743,1,1,3,3,2,11,13,15,13,16,FALSE
743,1,1,3,3,2,19,14,19,16,17,TRUE
744,1,1,3,3,4,15,25,23,26,22,FALSE
744,1,1,3,3,4,18,22,27,21,20,TRUE
745,1,1,1,1,1,22,25,25,23,23,FALSE
745,1,1,1,1,1,21,27,25,22,23,TRUE
746,2,1,5,5,3,24,30,23,21,23,FALSE
746,2,1,5,5,3,22,28,20,20,20,TRUE
747,2,1,3,4,3,27,26,25,26,28,FALSE
747,2,1,3,4,3,24,26,25,25,24,TRUE
748,2,2,3,4,2,16,20,9,12,16,FALSE
748,2,2,3,4,2,22,20,21,22,21,TRUE
749,2,1,1,1,1,13,10,13,12,16,FALSE
749,2,1,1,1,1,13,12,8,7,15,TRUE
750,1,1,3,5,3,22,29,23,23,21,FALSE
750,1,1,3,5,3,26,30,25,25,24,TRUE
751,1,2,4,2,2,24,24,27,28,18,FALSE
751,1,2,4,2,2,22,22,24,24,20,TRUE
752,2,1,2,4,3,15,17,18,19,23,FALSE
752,2,1,2,4,3,17,18,12,14,23,TRUE
753,2,2,2,3,1,16,13,17,13,18,FALSE
753,2,2,2,3,1,20,16,17,15,23,TRUE
754,2,1,5,3,5,22,23,20,22,23,FALSE
754,2,1,5,3,5,26,24,23,23,26,TRUE
755,1,1,4,4,1,21,30,28,25,27,FALSE
755,1,1,4,4,1,21,29,24,25,23,TRUE
756,2,2,3,4,2,24,14,20,18,20,FALSE
756,2,2,3,4,2,26,19,20,18,21,TRUE
757,1,1,3,3,3,22,30,25,27,23,FALSE
757,1,1,3,3,3,24,25,26,29,23,TRUE
758,1,2,5,6,3,15,25,16,14,23,FALSE
758,1,2,5,6,3,9,8,13,8,14,TRUE
759,1,1,3,1,1,27,29,28,32,27,FALSE
759,1,1,3,1,1,26,28,29,31,32,TRUE
760,1,2,4,3,2,24,20,22,18,21,FALSE
760,1,2,4,3,2,24,28,18,24,20,TRUE
761,2,2,3,4,5,22,19,22,18,20,FALSE
761,2,2,3,4,5,20,21,15,21,20,TRUE
762,1,2,3,5,4,23,33,25,23,24,FALSE
762,1,2,3,5,4,14,23,23,24,22,TRUE
763,2,2,3,6,3,9,13,12,6,13,FALSE
763,2,2,3,6,3,12,14,13,11,15,TRUE
764,1,2,1,4,2,23,29,24,19,23,FALSE
764,1,2,1,4,2,17,24,20,21,22,TRUE
765,1,2,1,1,1,15,21,22,19,21,FALSE
765,1,2,1,1,1,20,22,25,25,24,TRUE
766,1,1,3,4,4,16,22,26,23,25,FALSE
766,1,1,3,4,4,18,23,24,21,27,TRUE
767,2,1,4,4,3,18,12,20,15,19,FALSE
767,2,1,4,4,3,17,7,18,11,21,TRUE
768,2,2,3,4,2,23,14,24,20,25,FALSE
768,2,2,3,4,2,20,25,18,25,21,TRUE
